{"cameraMode":{"drawMode":0,"name":"Shaded","section":"Shading Mode"},"sceneLighting":false,"audioPlay":false,"sceneViewState":{"m_AlwaysRefresh":false,"showFog":true,"showSkybox":true,"showFlares":true,"showImageEffects":true,"showParticleSystems":true,"showVisualEffectGraphs":true,"m_FxEnabled":true},"in2DMode":false,"pivot":{"x":1.9977811574935914,"y":1.2979400157928467,"z":0.2429109811782837},"rotation":{"x":0.14926327764987946,"y":-0.10106106847524643,"z":0.015473660081624985,"w":0.9836534261703491},"size":1.0792253017425538,"orthographic":false}